Prey,Predator
Detritus,Abatus cavernosus 
Detritus,Abatus curvidens
Detritus,Abatus nimrodi
Detritus,Abatus shackeltoni
Detritus,Abyssocucumis liouvillei
Phytoplankton,Abyssocucumis liouvillei
Detritus,Abyssorchomene nodimanus
Fish,Abyssorchomene nodimanus
Holothuria sp,Abyssorchomene nodimanus
Octopoda,Abyssorchomene nodimanus
Polychaeta,Abyssorchomene nodimanus
Bacillariophyta,Abyssorchomene plebs 
Crustacea,Abyssorchomene plebs 
Detritus,Abyssorchomene plebs 
Euphausia superba,Abyssorchomene plebs 
Bacillariophyta,Abyssorchomene rossi
Copepoda,Abyssorchomene rossi
Detritus,Abyssorchomene rossi
Polychaeta,Abyssorchomene rossi
Porifera,Abyssorchomene rossi
Detritus,Achlyonice violaecuspidata
Haliclona dancoi,Acodontaster conspicuus
Homaxinella balfourensis,Acodontaster conspicuus
Kirkpatrickia variolosa,Acodontaster conspicuus
Mycale acerata,Acodontaster conspicuus
Rossella racovitzae,Acodontaster conspicuus
Scolymastra joubini,Acodontaster conspicuus
Tetilla leptoderma,Acodontaster conspicuus
Phytoplankton,Actinaria
Decapoda,Adamussium colbecki
Detritus,Aega antarctica
Porifera,Aegires albus
Amphipoda,Aethotaxis mitopteryx
Copepoda,Aethotaxis mitopteryx
Crustacea,Aethotaxis mitopteryx
Cumacea,Aethotaxis mitopteryx
Isopoda,Aethotaxis mitopteryx
Mysidacea,Aethotaxis mitopteryx
Polychaeta,Aethotaxis mitopteryx
Bacillariophyta,Alacia belgicae
Detritus,Alacia belgicae
Phytoplankton,Alacia belgicae
Bacillariophyta,Alacia hettacra
Detritus,Alacia hettacra
Phytoplankton,Alacia hettacra
Bacillariophyta,Alcyonidium sp
Detritus,Alcyonidium sp
Nanoplankton,Alcyonidium sp
Phytoplankton,Alcyonium antarcticum
Ophiuroidea,Alexandrella mixta
Euphausia superba,Alluroteuthis antarcticus
Pleuragramma antarcticum,Alluroteuthis antarcticus
Psychroteuthis glacialis,Alluroteuthis antarcticus
Detritus,Alomasoma belyaevi
Cyclocardia astartoides,Amauropsis rossiana
Euphausia superba,Amauropsis rossiana
Philobrya sublaevis,Amauropsis rossiana
Trophon longstaffi,Amauropsis rossiana
Bryozoa,Ammothea carolinensis
Ctenophora,Ammothea carolinensis
Gastropoda,Ammothea carolinensis
Ophiuroidea,Ammothea carolinensis
Polychaeta,Ammothea carolinensis
Porifera,Ammothea carolinensis
Bacillariophyta,Ampelisca richardsoni
Detritus,Ampelisca richardsoni
Detritus,Amphipoda
Bacillariophyta,Antarctomysis maxima
Detritus,Antarctomysis maxima
Zooplankton,Antarctomysis maxima
Bacillariophyta,Anthomastus bathyproctus
Detritus,Anthomastus bathyproctus
Salpa thompsoni,Anthomastus bathyproctus
Detritus,Anthometra adriani
Phytoplankton,Anthometra adriani
Sediment,Anthometra adriani
Phytoplankton,Anthozoa
Bacillariophyta,Aplidium vastum 
Bacteria,Aplidium vastum 
Detritus,Aplidium vastum 
Nanoplankton,Aplidium vastum 
Amphipoda,Aporocidaris milleri
Foraminifera,Aporocidaris milleri
Gastropoda,Aporocidaris milleri
Hydrozoa,Aporocidaris milleri
Polychaeta,Aporocidaris milleri
Electrona antarctica,Aptenodytes forsteri
Euphausia superba,Aptenodytes forsteri
Fish,Aptenodytes forsteri
Galiteuthis glacialis,Aptenodytes forsteri
Gonatus antarcticus,Aptenodytes forsteri
Gymnoscopelus braueri,Aptenodytes forsteri
Gymnoscopelus opisthopterus,Aptenodytes forsteri
Kondakovia longimana,Aptenodytes forsteri
Notolepis coatsi,Aptenodytes forsteri
Protomyctophum bolini,Aptenodytes forsteri
Psychroteuthis glacialis,Aptenodytes forsteri
Thysanoessa macrura,Aptenodytes forsteri
Amphipoda,Arctocephalus gazella 
Chaenodraco wilsoni,Arctocephalus gazella 
Chionodraco sp,Arctocephalus gazella 
Dissostichus mawsoni,Arctocephalus gazella 
Electrona antarctica,Arctocephalus gazella 
Euphausiacea,Arctocephalus gazella 
Fish,Arctocephalus gazella 
Gymnoscopelus braueri,Arctocephalus gazella 
Gymnoscopelus nicholsi,Arctocephalus gazella 
Myctophidae,Arctocephalus gazella 
Nematoda,Arctocephalus gazella 
Nototheniidae,Arctocephalus gazella 
Pleuragramma antarcticum,Arctocephalus gazella 
Protomyctophum bolini,Arctocephalus gazella 
Pygoscelis adeliae,Arctocephalus gazella 
Trematomus eulepidotus,Arctocephalus gazella 
Detritus,Arcturidae
Actinaria,Artedidraco loennbergi
Amphipoda,Artedidraco loennbergi
Copepoda,Artedidraco loennbergi
Crustacea,Artedidraco loennbergi
Cumacea,Artedidraco loennbergi
Gastropoda,Artedidraco loennbergi
Isopoda,Artedidraco loennbergi
Polychaeta,Artedidraco loennbergi
Tanaidacea,Artedidraco loennbergi
Copepoda,Artedidraco orianae
Cyllopus lucasii,Artedidraco orianae
Epimeria macrodonta,Artedidraco orianae
Epimeria robusta,Artedidraco orianae
Eunoe spica,Artedidraco orianae
Euphausiacea,Artedidraco orianae
Gnathia calva,Artedidraco orianae
Iphimediella cyclogena,Artedidraco orianae
Isopoda,Artedidraco orianae
Liljeborgia georgiana,Artedidraco orianae
Natatolana obtusata,Artedidraco orianae
Ostracoda,Artedidraco orianae
Pantopoda,Artedidraco orianae
Polychaeta,Artedidraco orianae
Amphipoda,Artedidraco shackletoni
Anthozoa,Artedidraco shackletoni
Crustacea,Artedidraco shackletoni
Crustacea,Artedidraco shackletoni
Cumacea,Artedidraco shackletoni
Gastropoda,Artedidraco shackletoni
Isopoda,Artedidraco shackletoni
Isopoda,Artedidraco shackletoni
Ostracoda,Artedidraco shackletoni
Polychaeta,Artedidraco shackletoni
Polychaeta,Artedidraco shackletoni
Urticinopsis antarctica,Artedidraco shackletoni
Bacillariophyta,Ascidia challengeri
Bacteria,Ascidia challengeri
Detritus,Ascidia challengeri
Nanoplankton,Ascidia challengeri
Detritus,Ascidiacea
Detritus,Asteroidea
Coelenterata,Astrochlamys bruneus
Euchaeta antarctica,Astrochlamys bruneus
Zooplankton,Astrochlamys bruneus
Bacillariophyta,Astrotoma agassizii
Bivalvia,Astrotoma agassizii
Bryozoa,Astrotoma agassizii
Calanoides acutus,Astrotoma agassizii
Calanus propinquus,Astrotoma agassizii
Cnidaria,Astrotoma agassizii
Crustacea,Astrotoma agassizii
Detritus,Astrotoma agassizii
Echinoidea,Astrotoma agassizii
Euchaeta antarctica,Astrotoma agassizii
Eukrohnia hamata,Astrotoma agassizii
Euphausiacea,Astrotoma agassizii
Fish,Astrotoma agassizii
Foraminifera,Astrotoma agassizii
Holothuria sp,Astrotoma agassizii
Hydrozoa,Astrotoma agassizii
Mysidacea,Astrotoma agassizii
Ostracoda,Astrotoma agassizii
Polychaeta,Astrotoma agassizii
Porifera,Astrotoma agassizii
Sediment,Astrotoma agassizii
SilicioZooplankton,Astrotoma agassizii
Zooplankton,Astrotoma agassizii
Foraminifera,Austrocidaris canaliculata
Gastropoda,Austrocidaris canaliculata
Bacillariophyta,Austrosisignum grande
Detritus,Austrosisignum grande
Bacteria,Axociella nidificata
Detritus,Axociella nidificata
Phytoplankton,Axociella nidificata
Euphausiacea,Balaenoptera acutorostrata
Fish,Balaenoptera acutorostrata
Myctophidae,Balaenoptera acutorostrata
Zooplankton,Balaenoptera acutorostrata
Champsocephalus gunnari ,Balaenoptera musculus
Dissostichus mawsoni,Balaenoptera musculus
Euphausiacea,Balaenoptera musculus
Fish,Balaenoptera musculus
Myctophidae,Balaenoptera musculus
Squid,Balaenoptera musculus
Zooplankton,Balaenoptera musculus
Champsocephalus gunnari ,Balaenoptera physalus
Dissostichus mawsoni,Balaenoptera physalus
Euphausiacea,Balaenoptera physalus
Fish,Balaenoptera physalus
Myctophidae,Balaenoptera physalus
Squid,Balaenoptera physalus
Zooplankton,Balaenoptera physalus
Euphausiacea,Bargmannia sp
Zooplankton,Bargmannia sp
Bivalvia,Barrukia cristata
Detritus,Barrukia cristata
Ophiuroidea,Barrukia cristata
Polychaeta,Barrukia cristata
Actinaria,Baseodiscus antarcticus
Adamussium colbecki,Baseodiscus antarcticus
Asteroidea,Baseodiscus antarcticus
Bacillariophyta,Baseodiscus antarcticus
Bivalvia,Baseodiscus antarcticus
Crustacea,Baseodiscus antarcticus
Ctenophora,Baseodiscus antarcticus
Fish,Baseodiscus antarcticus
Homaxinella balfourensis,Baseodiscus antarcticus
Polychaeta,Baseodiscus antarcticus
Porifera,Baseodiscus antarcticus
Detritus,Bathybiaster loripes
Anthozoa,Bathydoris clavigera
Echinoidea,Bathydoris clavigera
Foraminifera,Bathydoris clavigera
Hydrozoa,Bathydoris clavigera
Porifera,Bathydoris clavigera
Sediment,Bathydoris clavigera
Urticinopsis antarctica,Bathydoris clavigera
Coelenterata,Bathylagus antarcticus
Copepoda,Bathylagus antarcticus
Euchaeta antarctica,Bathylagus antarcticus
Eukrohnia hamata,Bathylagus antarcticus
Euphausia superba,Bathylagus antarcticus
Foraminifera,Bathylagus antarcticus
Limacina helicina,Bathylagus antarcticus
Metridia gerlachei,Bathylagus antarcticus
Oithona sp,Bathylagus antarcticus
Oncaea sp,Bathylagus antarcticus
Pelagobia longicirrata,Bathylagus antarcticus
Sagitta marri,Bathylagus antarcticus
Zooplankton,Bathylagus antarcticus
Anthozoa,Bathypanoploea schellenbergi
Bacillariophyta,Bathypanoploea schellenbergi
Bryozoa,Bathypanoploea schellenbergi
Crustacea,Bathypanoploea schellenbergi
Holothuria sp,Bathypanoploea schellenbergi
Urticinopsis antarctica,Bathypanoploea schellenbergi
Detritus,Bathyplotes bongraini
Detritus,Bathyplotes gourdoni
Ctenophora,Beroe cucumis
Pelagobia longicirrata,Beroe cucumis
Detritus,Bivalvia
Bacillariophyta,Boroecia antipoda
Detritus,Boroecia antipoda
Phytoplankton,Boroecia antipoda
Bacillariophyta,Bostrychopora dentata
Detritus,Bostrychopora dentata
Nanoplankton,Bostrychopora dentata
Waldeckia obesa,Bovallia gigantea
Phytoplankton,Brachiopoda
Detritus,Bryozoa
Bacillariophyta,Cadulus dalli antarcticum
Detritus,Cadulus dalli antarcticum
Bacillariophyta,Calanoides acutus
Copepoda,Calanoides acutus
Oithona sp,Calanoides acutus
Oncaea sp,Calanoides acutus
Pelagobia longicirrata,Calanoides acutus
SilicioZooplankton,Calanoides acutus
Tintinnidae,Calanoides acutus
Zooplankton,Calanoides acutus
Bacillariophyta,Calanus propinquus
Coelenterata,Calanus propinquus
Copepoda,Calanus propinquus
Euchaeta antarctica,Calanus propinquus
Oithona sp,Calanus propinquus
SilicioZooplankton,Calanus propinquus
Tintinnidae,Calanus propinquus
Zooplankton,Calanus propinquus
Copepoda,Callianira antarctica
Zooplankton,Callianira antarctica
Bryozoa,Callochiton gaussi
Bacteria,Calyx arcuarius
Detritus,Calyx arcuarius
Phytoplankton,Calyx arcuarius
Bacillariophyta,Camptoplites tricornis
Detritus,Camptoplites tricornis
Nanoplankton,Camptoplites tricornis
Bacillariophyta,Campylaspis maculata
Bacillariophyta,Cassidulinoides parkeriana
Detritus,Cassidulinoides parkeriana
Sediment,Cassidulinoides parkeriana
Bacillariophyta,Cellarinella sp
Detritus,Cellarinella sp
Nanoplankton,Cellarinella sp
Detritus,Cephalodiscus sp
Crustacea,Ceratoserolis meridionalis
Polychaeta,Ceratoserolis meridionalis
Euphausiacea,Chaenodraco wilsoni
Mysidacea,Chaenodraco wilsoni
Phytoplankton,Chaetognatha
Zooplankton,Champsocephalus gunnari 
Copepoda,Chionodraco hamatus
Euphausiacea,Chionodraco hamatus
Fish,Chionodraco hamatus
Euphausiacea,Chionodraco myersi
Fish,Chionodraco myersi
Copepoda,Chionodraco sp
Porifera,Chiton
Amphipoda,Chorismus antarcticus
Bacillariophyta,Chorismus antarcticus
Barrukia cristata,Chorismus antarcticus
Corethron sp,Chorismus antarcticus
Eucranta mollis,Chorismus antarcticus
Eulagisca gigantea,Chorismus antarcticus
Eunoe spica,Chorismus antarcticus
Foraminifera,Chorismus antarcticus
Gastropoda,Chorismus antarcticus
Isopoda,Chorismus antarcticus
Laetmonice producta,Chorismus antarcticus
Nematoda,Chorismus antarcticus
Polychaeta,Chorismus antarcticus
Porifera,Chorismus antarcticus
Taeniogyrus contortus,Chorismus antarcticus
Yoldia eightsi,Chorismus antarcticus
Zooplankton,Chorismus antarcticus
Bacillariophyta,Cibicides refulgens
Detritus,Cibicides refulgens
Sediment,Cibicides refulgens
Bacteria,Cinachyra antarctica
Detritus,Cinachyra antarctica
Phytoplankton,Cinachyra antarctica
Bacteria,Cinachyra barbata
Detritus,Cinachyra barbata
Phytoplankton,Cinachyra barbata
Bacillariophyta,Clavularia frankliniana
Foraminifera,Clavularia frankliniana
Nematoda,Clavularia frankliniana
Phytoplankton,Clavularia frankliniana
Zooplankton,Clavularia frankliniana
Phytoplankton,Clavularia sp
Copepoda,Clio pyramidata
Gnathia calva,Clio pyramidata
Oithona sp,Clio pyramidata
Pelagobia longicirrata,Clio pyramidata
Clione antarctica,Clione antarctica
Limacina helicina,Clione antarctica
Clione antarctica,Clione limacina
Limacina helicina,Clione limacina
Bacillariophyta,Cnemidocarpa verrucosa
Bacteria,Cnemidocarpa verrucosa
Detritus,Cnemidocarpa verrucosa
Nanoplankton,Cnemidocarpa verrucosa
Zooplankton,Cnidaria
Zooplankton,Coelenterata
Bryozoa,Colossendeis sp
Ctenophora,Colossendeis sp
Gastropoda,Colossendeis sp
Ophiuroidea,Colossendeis sp
Polychaeta,Colossendeis sp
Porifera,Colossendeis sp
Detritus,Composothyris racovitzae
Zooplankton,Copepoda
Bacillariophyta,Corella eumyota
Bacteria,Corella eumyota
Detritus,Corella eumyota
Nanoplankton,Corella eumyota
Detritus,Crania lecointei
Detritus,Crinoidea
Zooplankton,Crustacea
Euphausiacea,Cryodraco antarcticus
Pleuragramma antarcticum,Cryodraco antarcticus
Bivalvia,Ctenocidaris gigantea
Bryozoa,Ctenocidaris gigantea
Crustacea,Ctenocidaris gigantea
Detritus,Ctenocidaris gigantea
Hydrozoa,Ctenocidaris gigantea
Polychaeta,Ctenocidaris gigantea
Porifera,Ctenocidaris gigantea
Zooplankton,Ctenocidaris gigantea
Bryozoa,Ctenocidaris gilberti
Foraminifera,Ctenocidaris gilberti
Porifera,Ctenocidaris gilberti
Bryozoa,Ctenocidaris perrieri
Eunoe spica,Ctenocidaris perrieri
Foraminifera,Ctenocidaris perrieri
Polychaeta,Ctenocidaris perrieri
Porifera,Ctenocidaris perrieri
Bryozoa,Ctenocidaris spinosa
Detritus,Ctenocidaris spinosa
Foraminifera,Ctenocidaris spinosa
Hydrozoa,Ctenocidaris spinosa
Polychaeta,Ctenocidaris spinosa
Porifera,Ctenocidaris spinosa
Yoldia eightsi,Ctenocidaris spinosa
Zooplankton,Ctenocidaris spinosa
Zooplankton,Ctenophora
Detritus,Cuenotaster involutus
Zooplankton,Cumacea
Bacillariophyta,Cyclocardia astartoides
Detritus,Cyclocardia astartoides
Amphipoda,Cygnodraco mawsoni
Crustacea,Cygnodraco mawsoni
Decapoda,Cygnodraco mawsoni
Euphausia crystallorophias,Cygnodraco mawsoni
Fish,Cygnodraco mawsoni
Mysidacea,Cygnodraco mawsoni
Pteropoda,Cygnodraco mawsoni
Polychaeta,Cylichna sp
Scaphopoda,Cylichna sp
Bacillariophyta,Cyllopus lucasii
Calanus propinquus,Cyllopus lucasii
Coelenterata,Cyllopus lucasii
Copepoda,Cyllopus lucasii
Eukrohnia hamata,Cyllopus lucasii
Euphausia superba,Cyllopus lucasii
Metridia gerlachei,Cyllopus lucasii
Oithona sp,Cyllopus lucasii
Oncaea sp,Cyllopus lucasii
Ostracoda,Cyllopus lucasii
Pelagobia longicirrata,Cyllopus lucasii
Tintinnidae,Cyllopus lucasii
Zooplankton,Cyllopus lucasii
Nototheniidae,Dacodraco hunteri
Amphipoda,Daption capense
Cyllopus lucasii,Daption capense
Electrona antarctica,Daption capense
Euphausia superba,Daption capense
Fish,Daption capense
Galiteuthis glacialis,Daption capense
Gonatus antarcticus,Daption capense
Gymnoscopelus braueri,Daption capense
Gymnoscopelus nicholsi,Daption capense
Gymnoscopelus opisthopterus,Daption capense
Notocrangon antarcticus,Daption capense
Notolepis coatsi,Daption capense
Protomyctophum bolini,Daption capense
Psychroteuthis glacialis,Daption capense
Salpa thompsoni,Daption capense
Vibilia antarctica,Daption capense
Vibilia stebbingi,Daption capense
Phytoplankton,Decapoda
Bacillariophyta,Dentalium  majorinum
Detritus,Dentalium  majorinum
Asteroidea,Desmonema glaciale
Euphausiacea,Desmonema glaciale
Fish,Desmonema glaciale
Nemertini,Desmonema glaciale
Odontaster validus,Desmonema glaciale
Detritus,Diastylis mawsoni
Detritus,Diplasterias brucei
Gastropoda,Diplasterias brucei
Yoldia eightsi,Diplasterias brucei
Clione antarctica,Diplulmaris antarctica
Copepoda,Diplulmaris antarctica
Ctenophora,Diplulmaris antarctica
Limacina helicina,Diplulmaris antarctica
Pteropoda,Diplulmaris antarctica
Zooplankton,Diplulmaris antarctica
Amphipoda,Dissostichus mawsoni
Bathylagus antarcticus,Dissostichus mawsoni
Crustacea,Dissostichus mawsoni
Dissostichus mawsoni,Dissostichus mawsoni
Fish,Dissostichus mawsoni
Galiteuthis glacialis,Dissostichus mawsoni
Gonatus antarcticus,Dissostichus mawsoni
Harpagifer antarcticus,Dissostichus mawsoni
Kondakovia longimana,Dissostichus mawsoni
Macrourus whitsoni,Dissostichus mawsoni
Moroteuthis ingens,Dissostichus mawsoni
Myctophidae,Dissostichus mawsoni
Nototheniidae,Dissostichus mawsoni
Octopoda,Dissostichus mawsoni
Vampyroteuthis,Dissostichus mawsoni
Phytoplankton,Djerboa furcipes
Actinaria,Dolloidraco longedorsalis
Amphipoda,Dolloidraco longedorsalis
Anthozoa,Dolloidraco longedorsalis
Bivalvia,Dolloidraco longedorsalis
Copepoda,Dolloidraco longedorsalis
Crustacea,Dolloidraco longedorsalis
Cumacea,Dolloidraco longedorsalis
Euphausiacea,Dolloidraco longedorsalis
Gastropoda,Dolloidraco longedorsalis
Hydrozoa,Dolloidraco longedorsalis
Isopoda,Dolloidraco longedorsalis
Mysidacea,Dolloidraco longedorsalis
Ostracoda,Dolloidraco longedorsalis
Polychaeta,Dolloidraco longedorsalis
Scaphopoda,Dolloidraco longedorsalis
Tanaidacea,Dolloidraco longedorsalis
Urticinopsis antarctica,Dolloidraco longedorsalis
Calyx arcuarius,Doris kerguelenensis
Haliclona dancoi,Doris kerguelenensis
Haliclona tenella,Doris kerguelenensis
Isodyctia setifera,Doris kerguelenensis
Mycale acerata,Doris kerguelenensis
Polymastia invaginata,Doris kerguelenensis
Rossella nuda,Doris kerguelenensis
Rossella racovitzae,Doris kerguelenensis
Scolymastra joubini,Doris kerguelenensis
Tetilla leptoderma,Doris kerguelenensis
Detritus,Echiniphimedia hodgsoni
Porifera,Echiniphimedia hodgsoni
Detritus,Echinoidea
Detritus,Echinopsolus acanthocola
Phytoplankton,Echinopsolus acanthocola
Detritus,Echiurida
Detritus,Echiurus antarcticus
Bacillariophyta,Edwardsia meridionalis
Copepoda,Edwardsia meridionalis
Detritus,Edwardsia meridionalis
Polychaeta,Edwardsia meridionalis
Tanaidacea,Edwardsia meridionalis
Zooplankton,Edwardsia meridionalis
Detritus,Ekleptostylis debroyeri
Detritus,Ekmocucumis steineni
Phytoplankton,Ekmocucumis steineni
Detritus,Ekmocucumis turqueti
Phytoplankton,Ekmocucumis turqueti
Amphipoda,Electrona antarctica
Calanus propinquus,Electrona antarctica
Copepoda,Electrona antarctica
Euchaeta antarctica,Electrona antarctica
Eukrohnia hamata,Electrona antarctica
Euphausia frigida,Electrona antarctica
Euphausia superba,Electrona antarctica
Euphausiacea,Electrona antarctica
Gastropoda,Electrona antarctica
Metridia gerlachei,Electrona antarctica
Oncaea sp,Electrona antarctica
Ostracoda,Electrona antarctica
Pelagobia longicirrata,Electrona antarctica
Polychaeta,Electrona antarctica
Rhincalanus gigas,Electrona antarctica
Thysanoessa macrura,Electrona antarctica
Amphipoda,Epimeria georgiana
Bacillariophyta,Epimeria georgiana
Crustacea,Epimeria georgiana
Foraminifera,Epimeria georgiana
Holothuria sp,Epimeria georgiana
Hydrozoa,Epimeria georgiana
Mysidacea,Epimeria georgiana
Polychaeta,Epimeria georgiana
Zooplankton,Epimeria georgiana
Anthozoa,Epimeria macrodonta
Bacillariophyta,Epimeria macrodonta
Cnidaria,Epimeria macrodonta
Crustacea,Epimeria macrodonta
Euphausiacea,Epimeria macrodonta
Foraminifera,Epimeria macrodonta
Holothuria sp,Epimeria macrodonta
Hydrozoa,Epimeria macrodonta
Ostracoda,Epimeria macrodonta
Pantopoda,Epimeria macrodonta
Porifera,Epimeria macrodonta
Sediment,Epimeria macrodonta
Squid,Epimeria macrodonta
Urticinopsis antarctica,Epimeria macrodonta
Amphipoda,Epimeria robusta
Cnidaria,Epimeria robusta
Crustacea,Epimeria robusta
Euphausiacea,Epimeria robusta
Holothuria sp,Epimeria robusta
Polychaeta,Epimeria robusta
Taeniogyrus contortus,Epimeria robusta
Zooplankton,Epimeria robusta
Amphipoda,Epimeria rubrieques
Clavularia sp,Epimeria rubrieques
Cnidaria,Epimeria rubrieques
Crustacea,Epimeria rubrieques
Euphausiacea,Epimeria rubrieques
Hydrozoa,Epimeria rubrieques
Polychaeta,Epimeria rubrieques
Taeniogyrus contortus,Epimeria rubrieques
Zooplankton,Epimeria rubrieques
Bacillariophyta,Epimeria similis
Cnidaria,Epimeria similis
Foraminifera,Epimeria similis
Hydrozoa,Epimeria similis
Polychaeta,Epimeria similis
Porifera,Epimeria similis
Bacillariophyta,Epimeriella walkeri
Cnidaria,Epimeriella walkeri
Crustacea,Epimeriella walkeri
Detritus,Epimeriella walkeri
Holothuria sp,Epimeriella walkeri
Porifera,Epimeriella walkeri
Bacillariophyta,Euchaeta antarctica
Coelenterata,Euchaeta antarctica
Copepoda,Euchaeta antarctica
Cyllopus lucasii,Euchaeta antarctica
Euchaeta antarctica,Euchaeta antarctica
Eukrohnia hamata,Euchaeta antarctica
Metridia gerlachei,Euchaeta antarctica
Oithona sp,Euchaeta antarctica
Oncaea sp,Euchaeta antarctica
Pelagobia longicirrata,Euchaeta antarctica
SilicioZooplankton,Euchaeta antarctica
Tintinnidae,Euchaeta antarctica
Zooplankton,Euchaeta antarctica
Bacillariophyta,Euchaetomera antarcticus
Detritus,Euchaetomera antarcticus
Zooplankton,Euchaetomera antarcticus
Bacillariophyta,Eucopia australis
Detritus,Eucopia australis
Zooplankton,Eucopia australis
Crustacea,Eucranta mollis
Detritus,Eucranta mollis
Bacillariophyta,Eudorella splendida
Bacteria,Eudorella splendida
Detritus,Eudorella splendida
Sediment,Eudorella splendida
Calanus propinquus,Eukrohnia hamata
Copepoda,Eukrohnia hamata
Metridia gerlachei,Eukrohnia hamata
Amphipoda,Eulagisca gigantea
Bryozoa,Eulagisca gigantea
Crustacea,Eulagisca gigantea
Detritus,Eulagisca gigantea
Hydrozoa,Eulagisca gigantea
Ophiuroidea,Eulagisca gigantea
Pantopoda,Eulagisca gigantea
Amphipoda,Eunoe hartmanae
Bryozoa,Eunoe hartmanae
Detritus,Eunoe hartmanae
Hydrozoa,Eunoe hartmanae
Ophiuroidea,Eunoe hartmanae
Polychaeta,Eunoe hartmanae
Amphipoda,Eunoe spica
Bivalvia,Eunoe spica
Crustacea,Eunoe spica
Detritus,Eunoe spica
Fish,Eunoe spica
Holothuria sp,Eunoe spica
Isopoda,Eunoe spica
Pantopoda,Eunoe spica
Polychaeta,Eunoe spica
Amphipoda,Eunoe spica spicoides
Bivalvia,Eunoe spica spicoides
Bryozoa,Eunoe spica spicoides
Crinoidea,Eunoe spica spicoides
Crustacea,Eunoe spica spicoides
Detritus,Eunoe spica spicoides
Fish,Eunoe spica spicoides
Gastropoda,Eunoe spica spicoides
Holothuria sp,Eunoe spica spicoides
Hydrozoa,Eunoe spica spicoides
Isopoda,Eunoe spica spicoides
Pantopoda,Eunoe spica spicoides
Polychaeta,Eunoe spica spicoides
Phytoplankton,Euphausia crystallorophias
Bacillariophyta,Euphausia frigida
Copepoda,Euphausia frigida
Foraminifera,Euphausia frigida
Phytoplankton,Euphausia frigida
Pteropoda,Euphausia frigida
Tintinnidae,Euphausia frigida
Zooplankton,Euphausia frigida
Bacillariophyta,Euphausia superba
Chaetoceros sp,Euphausia superba
Copepoda,Euphausia superba
Distephanus sp,Euphausia superba
Entomoneis sp,Euphausia superba
Fragilariopsis sp,Euphausia superba
Nitzschia sp,Euphausia superba
Oithona sp,Euphausia superba
Zooplankton,Euphausia superba
Bacillariophyta,Euphausiacea
Amphipoda,Eurythenes gryllus
Anthozoa,Eurythenes gryllus
Crustacea,Eurythenes gryllus
Detritus,Eurythenes gryllus
Eurythenes gryllus,Eurythenes gryllus
Holothuria sp,Eurythenes gryllus
Hydrozoa,Eurythenes gryllus
Isopoda,Eurythenes gryllus
Ophiuroidea,Eurythenes gryllus
Polychaeta,Eurythenes gryllus
Porifera,Eurythenes gryllus
Urticinopsis antarctica,Eurythenes gryllus
Copepoda,Eusirus antarcticus
Amphipoda,Eusirus perdentatus
Crustacea,Eusirus perdentatus
Detritus,Eusirus perdentatus
Polychaeta,Eusirus perdentatus
Polychaeta,Fish
Crustacea,Frontoserolis bouvieri
Polychaeta,Frontoserolis bouvieri
Amphipoda,Fulmarus glacialoides
Crustacea,Fulmarus glacialoides
Cyllopus lucasii,Fulmarus glacialoides
Electrona antarctica,Fulmarus glacialoides
Euphausia superba,Fulmarus glacialoides
Eurythenes gryllus,Fulmarus glacialoides
Fish,Fulmarus glacialoides
Galiteuthis glacialis,Fulmarus glacialoides
Gonatus antarcticus,Fulmarus glacialoides
Gymnoscopelus braueri,Fulmarus glacialoides
Gymnoscopelus opisthopterus,Fulmarus glacialoides
Notocrangon antarcticus,Fulmarus glacialoides
Notolepis coatsi,Fulmarus glacialoides
Protomyctophum bolini,Fulmarus glacialoides
Psychroteuthis glacialis,Fulmarus glacialoides
Salpa thompsoni,Fulmarus glacialoides
Vibilia antarctica,Fulmarus glacialoides
Vibilia stebbingi,Fulmarus glacialoides
Euphausia superba,Galiteuthis glacialis
Zooplankton,Gastropoda
Amphipoda,Gerlachea australis
Crustacea,Gerlachea australis
Euphausia crystallorophias,Gerlachea australis
Euphausiacea,Gerlachea australis
Mysidacea,Gerlachea australis
Bacillariophyta,Gersemia antarctica
Detritus,Gersemia antarctica
Foraminifera,Gersemia antarctica
Bacillariophyta,Globocassidulina crassa
Detritus,Globocassidulina crassa
Sediment,Globocassidulina crassa
Asteroidea,Glyptonotus antarcticus
Detritus,Glyptonotus antarcticus
Echinoidea,Glyptonotus antarcticus
Euphausia superba,Glyptonotus antarcticus
Gastropoda,Glyptonotus antarcticus
Glyptonotus antarcticus,Glyptonotus antarcticus
Isopoda,Glyptonotus antarcticus
Limacina helicina,Glyptonotus antarcticus
Ophiuroidea,Glyptonotus antarcticus
Polychaeta,Glyptonotus antarcticus
Zooplankton,Gnathia calva
Brachiopoda,Gnathiphimedia mandibularis
Bryozoa,Gnathiphimedia mandibularis
Porifera,Gnathiphimedia mandibularis
Detritus,Golfingia anderssoni
Detritus,Golfingia margaritacea margaritacea
Detritus,Golfingia mawsoni
Detritus,Golfingia nordenskojoeldi
Detritus,Golfingia ohlini
Cyllopus lucasii,Gonatus antarcticus
Euphausia superba,Gonatus antarcticus
Fish,Gonatus antarcticus
Copepoda,Gorgonocephalus chilensis
Amphipoda,Gymnodraco acuticeps
Euphausiacea,Gymnodraco acuticeps
Fish,Gymnodraco acuticeps
Polychaeta,Gymnodraco acuticeps
Zooplankton,Gymnodraco acuticeps
Clio pyramidata,Gymnoscopelus braueri
Coelenterata,Gymnoscopelus braueri
Copepoda,Gymnoscopelus braueri
Cyllopus lucasii,Gymnoscopelus braueri
Euchaeta antarctica,Gymnoscopelus braueri
Eukrohnia hamata,Gymnoscopelus braueri
Euphausia superba,Gymnoscopelus braueri
Limacina helicina,Gymnoscopelus braueri
Metridia gerlachei,Gymnoscopelus braueri
Pelagobia longicirrata,Gymnoscopelus braueri
Sagitta marri,Gymnoscopelus braueri
Salpa thompsoni,Gymnoscopelus braueri
Zooplankton,Gymnoscopelus braueri
Amphipoda,Gymnoscopelus nicholsi
Calanus propinquus,Gymnoscopelus nicholsi
Chaetognatha,Gymnoscopelus nicholsi
Copepoda,Gymnoscopelus nicholsi
Euchaeta antarctica,Gymnoscopelus nicholsi
Euphausia crystallorophias,Gymnoscopelus nicholsi
Euphausia frigida,Gymnoscopelus nicholsi
Euphausia superba,Gymnoscopelus nicholsi
Euphausiacea,Gymnoscopelus nicholsi
Fish,Gymnoscopelus nicholsi
Metridia gerlachei,Gymnoscopelus nicholsi
Oncaea sp,Gymnoscopelus nicholsi
Ostracoda,Gymnoscopelus nicholsi
Protomyctophum bolini,Gymnoscopelus nicholsi
Rhincalanus gigas,Gymnoscopelus nicholsi
Thysanoessa macrura,Gymnoscopelus nicholsi
Clio pyramidata,Gymnoscopelus opisthopterus
Coelenterata,Gymnoscopelus opisthopterus
Copepoda,Gymnoscopelus opisthopterus
Cyllopus lucasii,Gymnoscopelus opisthopterus
Eukrohnia hamata,Gymnoscopelus opisthopterus
Euphausia superba,Gymnoscopelus opisthopterus
Limacina helicina,Gymnoscopelus opisthopterus
Metridia gerlachei,Gymnoscopelus opisthopterus
Oithona sp,Gymnoscopelus opisthopterus
Pelagobia longicirrata,Gymnoscopelus opisthopterus
Sagitta marri,Gymnoscopelus opisthopterus
Salpa thompsoni,Gymnoscopelus opisthopterus
Zooplankton,Gymnoscopelus opisthopterus
Bacteria,Haliclona dancoi
Detritus,Haliclona dancoi
Phytoplankton,Haliclona dancoi
Bacteria,Haliclona tenella
Detritus,Haliclona tenella
Phytoplankton,Haliclona tenella
Amphipoda,Halobaena caerulea
Crustacea,Halobaena caerulea
Cyllopus lucasii,Halobaena caerulea
Detritus,Halobaena caerulea
Electrona antarctica,Halobaena caerulea
Euphausia frigida,Halobaena caerulea
Euphausia superba,Halobaena caerulea
Eurythenes gryllus,Halobaena caerulea
Fish,Halobaena caerulea
Gymnoscopelus braueri,Halobaena caerulea
Gymnoscopelus opisthopterus,Halobaena caerulea
Notocrangon antarcticus,Halobaena caerulea
Notolepis coatsi,Halobaena caerulea
Protomyctophum bolini,Halobaena caerulea
Pteropoda,Halobaena caerulea
Salpa thompsoni,Halobaena caerulea
Thysanoessa macrura,Halobaena caerulea
Vibilia antarctica,Halobaena caerulea
Vibilia stebbingi,Halobaena caerulea
Detritus,Hamingia sp
Detritus,Haplocheira plumosa
Phytoplankton,Haplocheira plumosa
Amphipoda,Harmothoe crosetensis
Crustacea,Harmothoe crosetensis
Detritus,Harmothoe crosetensis
Holothuria sp,Harmothoe crosetensis
Isopoda,Harmothoe crosetensis
Ophiuroidea,Harmothoe crosetensis
Polychaeta,Harmothoe crosetensis
Amphipoda,Harmothoe spinosa
Bryozoa,Harmothoe spinosa
Crustacea,Harmothoe spinosa
Detritus,Harmothoe spinosa
Gastropoda,Harmothoe spinosa
Holothuria sp,Harmothoe spinosa
Hydrozoa,Harmothoe spinosa
Isopoda,Harmothoe spinosa
Ophiuroidea,Harmothoe spinosa
Pantopoda,Harmothoe spinosa
Polychaeta,Harmothoe spinosa
Amphipoda,Harpagifer antarcticus
Bivalvia,Harpagifer antarcticus
Chiton,Harpagifer antarcticus
Crustacea,Harpagifer antarcticus
Detritus,Harpagifer antarcticus
Djerboa furcipes,Harpagifer antarcticus
Epimeria robusta,Harpagifer antarcticus
Euphausia superba,Harpagifer antarcticus
Gastropoda,Harpagifer antarcticus
Isopoda,Harpagifer antarcticus
Natatolana meridionalis,Harpagifer antarcticus
Notocrangon antarcticus,Harpagifer antarcticus
Oradarea edentata,Harpagifer antarcticus
Polychaeta,Harpagifer antarcticus
Sediment,Harpagifer antarcticus
Phytoplankton,Harpovoluta charcoti
Bacillariophyta,Heterophoxus videns
Copepoda,Heterophoxus videns
Crustacea,Heterophoxus videns
Eucranta mollis,Heterophoxus videns
Eunoe spica,Heterophoxus videns
Foraminifera,Heterophoxus videns
Laetmonice producta,Heterophoxus videns
Nematoda,Heterophoxus videns
Polychaeta,Heterophoxus videns
Porifera,Heterophoxus videns
Tanaidacea,Heterophoxus videns
Detritus,Holothuria sp
Bacteria,Homaxinella balfourensis
Detritus,Homaxinella balfourensis
Phytoplankton,Homaxinella balfourensis
Zooplankton,Hydrozoa
Amphipoda,Hydrurga leptonyx 
Euphausiacea,Hydrurga leptonyx 
Fish,Hydrurga leptonyx 
Kondakovia longimana,Hydrurga leptonyx 
Psychroteuthis glacialis,Hydrurga leptonyx 
Squid,Hydrurga leptonyx 
Coelenterata,Hyperia macrocephala
Limacina helicina,Hyperia macrocephala
Pteropoda,Hyperia macrocephala
Salpa thompsoni,Hyperia macrocephala
Scyphozoa,Hyperia macrocephala
Bacillariophyta,Hyperiella dilatata
Coelenterata,Hyperiella dilatata
Copepoda,Hyperiella dilatata
Oithona sp,Hyperiella dilatata
Oncaea sp,Hyperiella dilatata
Tintinnidae,Hyperiella dilatata
Zooplankton,Hyperiella dilatata
Bacillariophyta,Ihlea racovitzai
Phytoplankton,Ihlea racovitzai
Bacteria,Iophon radiatus
Detritus,Iophon radiatus
Phytoplankton,Iophon radiatus
Holothuria sp,Iphimediella cyclogena
Polychaeta,Iphimediella cyclogena
Bacteria,Isodyctia setifera
Detritus,Isodyctia setifera
Phytoplankton,Isodyctia setifera
Detritus,Isopoda
Bacillariophyta,Isoschizoporella tricuspis
Detritus,Isoschizoporella tricuspis
Nanoplankton,Isoschizoporella tricuspis
Bacillariophyta,Isotealia antarctica
Copepoda,Isotealia antarctica
Ctenophora,Isotealia antarctica
Eunoe spica,Isotealia antarctica
Polychaeta,Isotealia antarctica
Bacteria,Kirkpatrickia variolosa
Detritus,Kirkpatrickia variolosa
Phytoplankton,Kirkpatrickia variolosa
Euphausia superba,Kondakovia longimana
Amphipoda,Labidiaster annulatus
Asteroidea,Labidiaster annulatus
Bivalvia,Labidiaster annulatus
Crinoidea,Labidiaster annulatus
Echinoidea,Labidiaster annulatus
Gastropoda,Labidiaster annulatus
Isopoda,Labidiaster annulatus
Ophiuroidea,Labidiaster annulatus
Polychaeta,Labidiaster annulatus
Amphipoda,Laetmonice producta
Crustacea,Laetmonice producta
Detritus,Laetmonice producta
Ophiuroidea,Laetmonice producta
Polychaeta,Laetmonice producta
Champsocephalus gunnari ,Lagenorhynchus cruciger
Dissostichus mawsoni,Lagenorhynchus cruciger
Euphausiacea,Lagenorhynchus cruciger
Fish,Lagenorhynchus cruciger
Myctophidae,Lagenorhynchus cruciger
Squid,Lagenorhynchus cruciger
Bacillariophyta,Laternula elliptica
Detritus,Laternula elliptica
Bacillariophyta,Lenticulina antarctica
Detritus,Lenticulina antarctica
Sediment,Lenticulina antarctica
Waldeckia obesa,Lepidonotothen nudifrons
Aethotaxis mitopteryx,Leptonychotes weddelli
Dissostichus mawsoni,Leptonychotes weddelli
Euphausia crystallorophias,Leptonychotes weddelli
Fish,Leptonychotes weddelli
Octopoda,Leptonychotes weddelli
Pleuragramma antarcticum,Leptonychotes weddelli
Squid,Leptonychotes weddelli
Trematomus hansoni,Leptonychotes weddelli
Amphipoda,Liljeborgia georgiana
Cnidaria,Liljeborgia georgiana
Copepoda,Liljeborgia georgiana
Crustacea,Liljeborgia georgiana
Eucranta mollis,Liljeborgia georgiana
Eunoe spica,Liljeborgia georgiana
Euphausiacea,Liljeborgia georgiana
Polychaeta,Liljeborgia georgiana
Porifera,Liljeborgia georgiana
Zooplankton,Limacina helicina
Zooplankton,Limacina helicina antarctica
Bacillariophyta,Limopsis lillei
Detritus,Limopsis lillei
Bacillariophyta,Limopsis marionensis
Detritus,Limopsis marionensis
Actinaria,Lineus longifissus
Adamussium colbecki,Lineus longifissus
Asteroidea,Lineus longifissus
Bacillariophyta,Lineus longifissus
Bivalvia,Lineus longifissus
Crustacea,Lineus longifissus
Ctenophora,Lineus longifissus
Fish,Lineus longifissus
Homaxinella balfourensis,Lineus longifissus
Polychaeta,Lineus longifissus
Porifera,Lineus longifissus
Detritus,Liothyrella uva
Detritus,Liothyrella uva antarctica
Bacillariophyta,Lissarca notorcadensis
Detritus,Lissarca notorcadensis
Crustacea,Lobodon carcinophagus 
Euphausia superba,Lobodon carcinophagus 
Euphausiacea,Lobodon carcinophagus 
Fish,Lobodon carcinophagus 
Mysidacea,Lobodon carcinophagus 
Nematoda,Lobodon carcinophagus 
Squid,Lobodon carcinophagus 
Adamussium colbecki,Lophaster gaini
Bivalvia,Lophaster gaini
Yoldia eightsi,Lophaster gaini
Detritus,Luidiaster gerlachei
Ophiuroidea,Luidiaster gerlachei
Phytoplankton,Lyrocteis flavopallidus
Bivalvia,Lysasterias perrieri
Detritus,Lysasterias perrieri
Ophiuroidea,Lysasterias perrieri
Ostracoda,Lysasterias perrieri
Crustacea,Macronectes giganteus
Detritus,Macronectes giganteus
Galiteuthis glacialis,Macronectes giganteus
Gonatus antarcticus,Macronectes giganteus
Kondakovia longimana,Macronectes giganteus
Nototheniidae,Macronectes giganteus
Crustacea,Macronectes halli
Detritus,Macronectes halli
Galiteuthis glacialis,Macronectes halli
Gonatus antarcticus,Macronectes halli
Kondakovia longimana,Macronectes halli
Martialia hyadesi,Macronectes halli
Nototheniidae,Macronectes halli
Psychroteuthis glacialis,Macronectes halli
Squid,Macronectes halli
Vampyroteuthis,Macronectes halli
Asteroidea,Macroptychaster accrescens
Bivalvia,Macroptychaster accrescens
Echinoidea,Macroptychaster accrescens
Gastropoda,Macroptychaster accrescens
Odontaster validus,Macroptychaster accrescens
Ophiuroidea,Macroptychaster accrescens
Sterechinus neumayeri,Macroptychaster accrescens
Amphipoda,Macrourus holotrachis
Crustacea,Macrourus holotrachis
Fish,Macrourus holotrachis
Octopoda,Macrourus holotrachis
Squid,Macrourus holotrachis
Amphipoda,Macrourus whitsoni
Crustacea,Macrourus whitsoni
Fish,Macrourus whitsoni
Octopoda,Macrourus whitsoni
Polychaeta,Macrourus whitsoni
Squid,Macrourus whitsoni
Detritus,Magellania fragilis
Detritus,Magellania joubini
Cnemidocarpa verrucosa,Marseniopsis mollis
Yoldia eightsi,Marseniopsis mollis
Chionodraco hamatus,Martialia hyadesi
Euphausia superba,Martialia hyadesi
Gonatus antarcticus,Martialia hyadesi
Gymnoscopelus nicholsi,Martialia hyadesi
Protomyctophum bolini,Martialia hyadesi
Psychroteuthis glacialis,Martialia hyadesi
Anthozoa,Maxilliphimedia longipes
Cnidaria,Maxilliphimedia longipes
Hydrozoa,Maxilliphimedia longipes
Urticinopsis antarctica,Maxilliphimedia longipes
Detritus,Maxmuelleria faex
Euphausiacea,Megaptera novaeangliae
Bacillariophyta,Melicerita obliqua
Detritus,Melicerita obliqua
Nanoplankton,Melicerita obliqua
Cnidaria,Melphidippa antarctica
Crustacea,Melphidippa antarctica
Euchaeta antarctica,Melphidippa antarctica
Euphausiacea,Melphidippa antarctica
Holothuria sp,Melphidippa antarctica
Mysidacea,Melphidippa antarctica
Porifera,Melphidippa antarctica
Clione antarctica,Mertensiidae
Copepoda,Mertensiidae
Euchaeta antarctica,Mertensiidae
Mysidacea,Mertensiidae
Pteropoda,Mertensiidae
Zooplankton,Mertensiidae
Eukrohnia hamata,Mesonychoteuthis hamiltoni
Squid,Mesonychoteuthis hamiltoni
Detritus,Mesothuria lactea
Bacillariophyta,Metaconchoecia isocheira
Detritus,Metaconchoecia isocheira
Phytoplankton,Metaconchoecia isocheira
Bacillariophyta,Metridia gerlachei
Copepoda,Metridia gerlachei
Oithona sp,Metridia gerlachei
Oncaea sp,Metridia gerlachei
SilicioZooplankton,Metridia gerlachei
Tintinnidae,Metridia gerlachei
Zooplankton,Metridia gerlachei
Alluroteuthis antarcticus,Mirounga leonina 
Chionodraco sp,Mirounga leonina 
Chionodraco hamatus,Mirounga leonina 
Dissostichus mawsoni,Mirounga leonina 
Electrona antarctica,Mirounga leonina 
Fish,Mirounga leonina 
Galiteuthis glacialis,Mirounga leonina 
Gonatus antarcticus,Mirounga leonina 
Gymnoscopelus nicholsi,Mirounga leonina 
Kondakovia longimana,Mirounga leonina 
Martialia hyadesi,Mirounga leonina 
Mesonychoteuthis hamiltoni,Mirounga leonina 
Moroteuthis ingens,Mirounga leonina 
Myctophidae,Mirounga leonina 
Nototheniidae,Mirounga leonina 
Pleuragramma antarcticum,Mirounga leonina 
Psychroteuthis glacialis,Mirounga leonina 
Squid,Mirounga leonina 
Trematomus eulepidotus,Mirounga leonina 
Trematomus hansoni,Mirounga leonina 
Trematomus pennellii,Mirounga leonina 
Trematomus scotti,Mirounga leonina 
Bacillariophyta,Molgula pedunculata
Bacteria,Molgula pedunculata
Detritus,Molgula pedunculata
Nanoplankton,Molgula pedunculata
Detritus,Molpadia musculus
Amphipoda,Monocaulus parvula
Bacillariophyta,Monocaulus parvula
Copepoda,Monocaulus parvula
Detritus,Monocaulus parvula
Hydrozoa,Monocaulus parvula
Zooplankton,Monocaulus parvula
Detritus,Monoculodes scabriculosus
Copepoda,Moroteuthis ingens
Cyllopus lucasii,Moroteuthis ingens
Electrona antarctica,Moroteuthis ingens
Epimeria robusta,Moroteuthis ingens
Myctophidae,Moroteuthis ingens
Squid,Moroteuthis ingens
Bacteria,Mycale acerata
Detritus,Mycale acerata
Phytoplankton,Mycale acerata
Copepoda,Myctophidae
Detritus,Myodocopia
Sediment,Myodocopia
Zooplankton,Myodocopia
Bacillariophyta,Mysida
Detritus,Mysida
Zooplankton,Mysida
Bacillariophyta,Mysidacea
Detritus,Natatolana meridionalis
Detritus,Natatolana obtusata
Detritus,Natatolana oculata
Bacillariophyta,Nematocarcinus lanceopes
Euchaeta antarctica,Nematocarcinus lanceopes
Phytoplankton,Nematocarcinus lanceopes
Tintinnidae,Nematocarcinus lanceopes
Zooplankton,Nematocarcinus lanceopes
Detritus,Nematoda
Bacillariophyta,Nematroflustra flagellata
Detritus,Nematroflustra flagellata
Nanoplankton,Nematroflustra flagellata
Decapoda,Nemertini
Adamussium colbecki,Neobuccinum eatoni
Bivalvia,Neobuccinum eatoni
Crustacea,Neobuccinum eatoni
Fish,Neobuccinum eatoni
Laternula elliptica,Neobuccinum eatoni
Bacillariophyta,Neogloboquadriana pachyderma
Detritus,Neogloboquadriana pachyderma
Sediment,Neogloboquadriana pachyderma
Anthozoa,Notaeolidia gigas
Clavularia frankliniana,Notaeolidia gigas
Hydrozoa,Notaeolidia gigas
Tubularia,Notaeolidia gigas
Urticinopsis antarctica,Notaeolidia gigas
Adamussium colbecki,Notasterias armata
Bivalvia,Notasterias armata
Yoldia eightsi,Notasterias armata
Bryozoa,Notocidaris mortenseni
Detritus,Notocidaris mortenseni
Hydrozoa,Notocidaris mortenseni
Porifera,Notocidaris mortenseni
Zooplankton,Notocidaris mortenseni
Bacillariophyta,Notocrangon antarcticus
Bivalvia,Notocrangon antarcticus
Foraminifera,Notocrangon antarcticus
Gastropoda,Notocrangon antarcticus
Holothuria sp,Notocrangon antarcticus
Mysidacea,Notocrangon antarcticus
Polychaeta,Notocrangon antarcticus
Porifera,Notocrangon antarcticus
Yoldia eightsi,Notocrangon antarcticus
Coelenterata,Notolepis coatsi
Copepoda,Notolepis coatsi
Euchaeta antarctica,Notolepis coatsi
Eukrohnia hamata,Notolepis coatsi
Euphausia superba,Notolepis coatsi
Limacina helicina,Notolepis coatsi
Metridia gerlachei,Notolepis coatsi
Notocrangon antarcticus,Notolepis coatsi
Oithona sp,Notolepis coatsi
Oncaea sp,Notolepis coatsi
Pelagobia longicirrata,Notolepis coatsi
Sagitta marri,Notolepis coatsi
Salpa thompsoni,Notolepis coatsi
Bacillariophyta,Nototanais antarcticus
Bacteria,Nototanais antarcticus
Detritus,Nototanais antarcticus
Sediment,Nototanais antarcticus
Bacillariophyta,Nototanais dimorphus
Bacteria,Nototanais dimorphus
Detritus,Nototanais dimorphus
Bivalvia,Notothenia coriiceps
Copepoda,Notothenia coriiceps
Cyllopus lucasii,Notothenia coriiceps
Epimeria robusta,Notothenia coriiceps
Euphausiacea,Notothenia coriiceps
Fish,Notothenia coriiceps
Gastropoda,Notothenia coriiceps
Isopoda,Notothenia coriiceps
Octopoda,Notothenia coriiceps
Polychaeta,Notothenia coriiceps
Porifera,Notothenia coriiceps
Salpa thompsoni,Notothenia coriiceps
Waldeckia obesa,Notothenia coriiceps
Zooplankton,Notothenia coriiceps
Amphipoda,Notothenia marmorata
Crustacea,Notothenia marmorata
Ctenophora,Notothenia marmorata
Euphausia superba,Notothenia marmorata
Fish,Notothenia marmorata
Hydrozoa,Notothenia marmorata
Salpa thompsoni,Notothenia marmorata
Zooplankton,Nototheniidae
Bryozoa,Nuttallochiton mirandus
Foraminifera,Nuttallochiton mirandus
Porifera,Nuttallochiton mirandus
Bryozoa,Nymphon gracillimum
Ctenophora,Nymphon gracillimum
Gastropoda,Nymphon gracillimum
Ophiuroidea,Nymphon gracillimum
Polychaeta,Nymphon gracillimum
Porifera,Nymphon gracillimum
Crustacea,Oceanites oceanicus
Cyllopus lucasii,Oceanites oceanicus
Electrona antarctica,Oceanites oceanicus
Euphausia superba,Oceanites oceanicus
Fish,Oceanites oceanicus
Protomyctophum bolini,Oceanites oceanicus
Salpa thompsoni,Oceanites oceanicus
Vibilia antarctica,Oceanites oceanicus
Crustacea,Octopoda
Detritus,Odontaster meridionalis
Porifera,Odontaster meridionalis
Adamussium colbecki,Odontaster validus
Amphipoda,Odontaster validus
Asteroidea,Odontaster validus
Bacillariophyta,Odontaster validus
Bivalvia,Odontaster validus
Bryozoa,Odontaster validus
Detritus,Odontaster validus
Echinoidea,Odontaster validus
Gastropoda,Odontaster validus
Glyptonotus antarcticus,Odontaster validus
Homaxinella balfourensis,Odontaster validus
Hydrozoa,Odontaster validus
Isopoda,Odontaster validus
Laternula elliptica,Odontaster validus
Ophiuroidea,Odontaster validus
Ostracoda,Odontaster validus
Polychaeta,Odontaster validus
Porifera,Odontaster validus
Rossella nuda,Odontaster validus
Rossella racovitzae,Odontaster validus
Scolymastra joubini,Odontaster validus
Sterechinus neumayeri,Odontaster validus
Tetilla leptoderma,Odontaster validus
Yoldia eightsi,Odontaster validus
Amphipoda,Oediceroides calmani
Crustacea,Oediceroides calmani
Phytoplankton,Oediceroides calmani
Amphipoda,Oediceroides emarginatus
Crustacea,Oediceroides emarginatus
Phytoplankton,Oediceroides emarginatus
Phytoplankton,Oithona sp
Alluroteuthis antarcticus,Ommatophoca rossii 
Fish,Ommatophoca rossii 
Galiteuthis glacialis,Ommatophoca rossii 
Kondakovia longimana,Ommatophoca rossii 
Psychroteuthis glacialis,Ommatophoca rossii 
Squid,Ommatophoca rossii 
Phytoplankton,Oncaea curvata
Phytoplankton,Oncaea sp
Bacillariophyta,Ophiacantha antarctica
Copepoda,Ophiacantha antarctica
Foraminifera,Ophiacantha antarctica
Copepoda,Ophiacantha pentacis
Bacillariophyta,Ophiacantha sp
Copepoda,Ophiacantha vivipara
Anthozoa,Ophioceres incipiens
Bacillariophyta,Ophioceres incipiens
Crustacea,Ophioceres incipiens
Detritus,Ophioceres incipiens
Foraminifera,Ophioceres incipiens
Polychaeta,Ophioceres incipiens
Porifera,Ophioceres incipiens
Sediment,Ophioceres incipiens
SilicioZooplankton,Ophioceres incipiens
Urticinopsis antarctica,Ophioceres incipiens
Zooplankton,Ophioceres incipiens
Bacillariophyta,Ophiocten sp
Amphipoda,Ophionotus victoriae
Anthozoa,Ophionotus victoriae
Bacillariophyta,Ophionotus victoriae
Bivalvia,Ophionotus victoriae
Bryozoa,Ophionotus victoriae
Crustacea,Ophionotus victoriae
Detritus,Ophionotus victoriae
Echinoidea,Ophionotus victoriae
Euphausiacea,Ophionotus victoriae
Foraminifera,Ophionotus victoriae
Hydrozoa,Ophionotus victoriae
Mysidacea,Ophionotus victoriae
Nematoda,Ophionotus victoriae
Ophiuroidea,Ophionotus victoriae
Polychaeta,Ophionotus victoriae
Porifera,Ophionotus victoriae
Sediment,Ophionotus victoriae
Urticinopsis antarctica,Ophionotus victoriae
Waldeckia obesa,Ophionotus victoriae
Copepoda,Ophioperla koehleri
Crinoidea,Ophioperla koehleri
Echinoidea,Ophioperla koehleri
Euphausiacea,Ophioperla koehleri
Foraminifera,Ophioperla koehleri
Ophiuroidea,Ophioperla koehleri
Polychaeta,Ophioperla koehleri
Porifera,Ophioperla koehleri
Adamussium colbecki,Ophiosparte gigas
Amphipoda,Ophiosparte gigas
Bacillariophyta,Ophiosparte gigas
Bivalvia,Ophiosparte gigas
Bryozoa,Ophiosparte gigas
Chorismus antarcticus,Ophiosparte gigas
Cnidaria,Ophiosparte gigas
Detritus,Ophiosparte gigas
Eunoe spica,Ophiosparte gigas
Euphausia crystallorophias,Ophiosparte gigas
Euphausia superba,Ophiosparte gigas
Fish,Ophiosparte gigas
Foraminifera,Ophiosparte gigas
Gastropoda,Ophiosparte gigas
Isopoda,Ophiosparte gigas
Laternula elliptica,Ophiosparte gigas
Mysidacea,Ophiosparte gigas
Nematoda,Ophiosparte gigas
Odontaster validus,Ophiosparte gigas
Ophiacantha sp,Ophiosparte gigas
Ophiocten sp,Ophiosparte gigas
Ophionotus victoriae,Ophiosparte gigas
Ophiosparte gigas,Ophiosparte gigas
Ophiuroidea,Ophiosparte gigas
Ophiurolepis gelida,Ophiosparte gigas
Ostracoda,Ophiosparte gigas
Pantopoda,Ophiosparte gigas
Polychaeta,Ophiosparte gigas
Porifera,Ophiosparte gigas
Promachocrinus kerguelensis,Ophiosparte gigas
Sediment,Ophiosparte gigas
Sterechinus neumayeri,Ophiosparte gigas
Yoldia eightsi,Ophiosparte gigas
Bacillariophyta,Ophiuroidea
Amphipoda,Ophiurolepis brevirima
Bacillariophyta,Ophiurolepis brevirima
Bivalvia,Ophiurolepis brevirima
Bryozoa,Ophiurolepis brevirima
Cnidaria,Ophiurolepis brevirima
Crustacea,Ophiurolepis brevirima
Detritus,Ophiurolepis brevirima
Eunoe spica,Ophiurolepis brevirima
Euphausiacea,Ophiurolepis brevirima
Foraminifera,Ophiurolepis brevirima
Ostracoda,Ophiurolepis brevirima
Polychaeta,Ophiurolepis brevirima
Porifera,Ophiurolepis brevirima
Sediment,Ophiurolepis brevirima
SilicioZooplankton,Ophiurolepis brevirima
Zooplankton,Ophiurolepis brevirima
Amphipoda,Ophiurolepis gelida
Bacillariophyta,Ophiurolepis gelida
Bivalvia,Ophiurolepis gelida
Bryozoa,Ophiurolepis gelida
Crustacea,Ophiurolepis gelida
Detritus,Ophiurolepis gelida
Euphausiacea,Ophiurolepis gelida
Foraminifera,Ophiurolepis gelida
Nematoda,Ophiurolepis gelida
Polychaeta,Ophiurolepis gelida
Porifera,Ophiurolepis gelida
Sediment,Ophiurolepis gelida
SilicioZooplankton,Ophiurolepis gelida
Zooplankton,Ophiurolepis gelida
Phytoplankton,Oradarea edentata
Arctocephalus gazella ,Orcinus orca
Balaenoptera acutorostrata,Orcinus orca
Dissostichus mawsoni,Orcinus orca
Fish,Orcinus orca
Halobaena caerulea,Orcinus orca
Hydrurga leptonyx ,Orcinus orca
Leptonychotes weddelli,Orcinus orca
Lobodon carcinophagus ,Orcinus orca
Mirounga leonina ,Orcinus orca
Myctophidae,Orcinus orca
Ommatophoca rossii ,Orcinus orca
Pygoscelis adeliae,Orcinus orca
Squid,Orcinus orca
Thalassoica antarctica,Orcinus orca
Detritus,Ostracoda
Bacillariophyta,Oswaldella antarctica
Amphipoda,Pachyptila desolata
Calanoides acutus,Pachyptila desolata
Calanus propinquus,Pachyptila desolata
Copepoda,Pachyptila desolata
Crustacea,Pachyptila desolata
Cyllopus lucasii,Pachyptila desolata
Electrona antarctica,Pachyptila desolata
Euchaeta antarctica,Pachyptila desolata
Euphausia frigida,Pachyptila desolata
Euphausia superba,Pachyptila desolata
Fish,Pachyptila desolata
Gymnoscopelus braueri,Pachyptila desolata
Gymnoscopelus nicholsi,Pachyptila desolata
Metridia gerlachei,Pachyptila desolata
Notocrangon antarcticus,Pachyptila desolata
Notolepis coatsi,Pachyptila desolata
Octopoda,Pachyptila desolata
Primno macropa,Pachyptila desolata
Protomyctophum bolini,Pachyptila desolata
Rhincalanus gigas,Pachyptila desolata
Salpa thompsoni,Pachyptila desolata
Thysanoessa macrura,Pachyptila desolata
Vibilia antarctica,Pachyptila desolata
Crustacea,Pagetopsis maculatus
Euphausia crystallorophias,Pagetopsis maculatus
Euphausia superba,Pagetopsis maculatus
Euphausiacea,Pagetopsis maculatus
Fish,Pagetopsis maculatus
Crustacea,Pagodroma nivea
Cyllopus lucasii,Pagodroma nivea
Detritus,Pagodroma nivea
Electrona antarctica,Pagodroma nivea
Euphausia superba,Pagodroma nivea
Eurythenes gryllus,Pagodroma nivea
Fish,Pagodroma nivea
Galiteuthis glacialis,Pagodroma nivea
Gymnoscopelus braueri,Pagodroma nivea
Notocrangon antarcticus,Pagodroma nivea
Notolepis coatsi,Pagodroma nivea
Protomyctophum bolini,Pagodroma nivea
Psychroteuthis glacialis,Pagodroma nivea
Vibilia antarctica,Pagodroma nivea
Vibilia stebbingi,Pagodroma nivea
Detritus,Pantopoda
Amphipoda,Paraceradocus gibber
Bacillariophyta,Paraceradocus gibber
Detritus,Paraceradocus gibber
Ophiuroidea,Paramoera walkeri
Actinaria,Parborlasia corrugatus
Adamussium colbecki,Parborlasia corrugatus
Asteroidea,Parborlasia corrugatus
Bacillariophyta,Parborlasia corrugatus
Bivalvia,Parborlasia corrugatus
Crustacea,Parborlasia corrugatus
Ctenophora,Parborlasia corrugatus
Fish,Parborlasia corrugatus
Homaxinella balfourensis,Parborlasia corrugatus
Polychaeta,Parborlasia corrugatus
Isopoda,Pareledone antarctica
Crustacea,Pareledone charcoti
Eukrohnia hamata,Pareledone charcoti
Fish,Pareledone charcoti
Glyptonotus antarcticus,Pareledone charcoti
Polychaeta,Pareledone charcoti
Siphonophora,Pareledone charcoti
Sterechinus neumayeri,Pareledone charcoti
Yoldia eightsi,Pareledone charcoti
Bacillariophyta,Parmaphorella mawsoni
Detritus,Parmaphorella mawsoni
Porifera,Parmaphorella mawsoni
Sediment,Parmaphorella mawsoni
Detritus,Parschisturella ceruviata 
Bacillariophyta,Pelagobia longicirrata
Ostracoda,Pelagobia longicirrata
Bacillariophyta,Pemmatoporella sp
Detritus,Pemmatoporella sp
Nanoplankton,Pemmatoporella sp
Bryozoa,Pentanymphon antarcticum
Ctenophora,Pentanymphon antarcticum
Gastropoda,Pentanymphon antarcticum
Ophiuroidea,Pentanymphon antarcticum
Polychaeta,Pentanymphon antarcticum
Porifera,Pentanymphon antarcticum
Bacillariophyta,Peraeospinosus pushkini
Detritus,Peraeospinosus pushkini
Porifera,Peraeospinosus pushkini
Sediment,Peraeospinosus pushkini
Detritus,Perknaster densus
Detritus,Perknaster fuscus
Detritus,Perknaster fuscus antarcticus
Mycale acerata,Perknaster fuscus antarcticus
Porifera,Perknaster fuscus antarcticus
Scolymastra joubini,Perknaster fuscus antarcticus
Tetilla leptoderma,Perknaster fuscus antarcticus
Detritus,Phascolion strombi
Detritus,Philobrya sublaevis
Champsocephalus gunnari ,Physeter macrocephalus
Crustacea,Physeter macrocephalus
Dissostichus mawsoni,Physeter macrocephalus
Euphausiacea,Physeter macrocephalus
Fish,Physeter macrocephalus
Myctophidae,Physeter macrocephalus
Squid,Physeter macrocephalus
Copepoda,Pleuragramma antarcticum
Cyllopus lucasii,Pleuragramma antarcticum
Euphausiacea,Pleuragramma antarcticum
Myctophidae,Pleuragramma antarcticum
Salpa thompsoni,Pleuragramma antarcticum
Bacillariophyta,Podocopida
Detritus,Podocopida
Zooplankton,Podocopida
Fish,Pogonophryne barsukovi
Cyllopus lucasii,Pogonophryne marmorata
Epimeria macrodonta,Pogonophryne marmorata
Epimeria robusta,Pogonophryne marmorata
Euphausiacea,Pogonophryne marmorata
Iphimediella cyclogena,Pogonophryne marmorata
Isopoda,Pogonophryne marmorata
Liljeborgia georgiana,Pogonophryne marmorata
Polychaeta,Pogonophryne marmorata
Zooplankton,Pogonophryne marmorata
Amphipoda,Pogonophryne permitini
Crustacea,Pogonophryne permitini
Hydrozoa,Pogonophryne permitini
Isopoda,Pogonophryne permitini
Mysidacea,Pogonophryne permitini
Polychaeta,Pogonophryne permitini
Scaphopoda,Pogonophryne permitini
Amphipoda,Pogonophryne phyllopogon
Crinoidea,Pogonophryne phyllopogon
Crustacea,Pogonophryne phyllopogon
Isopoda,Pogonophryne phyllopogon
Mysidacea,Pogonophryne phyllopogon
Polychaeta,Pogonophryne phyllopogon
Fish,Pogonophryne scotti
Detritus,Polychaeta
Anthozoa,Polyeunoa laevis
Crustacea,Polyeunoa laevis
Detritus,Polyeunoa laevis
Urticinopsis antarctica,Polyeunoa laevis
Phytoplankton,Polymastia invaginata
Nemertini,Pontiothauma ergata
Bacillariophyta,Porania antarctica
Detritus,Porania antarctica
Ostracoda,Porania antarctica
Phytoplankton,Porifera
Phytoplankton,Primno macropa
Detritus,Primnoella sp
Phytoplankton,Primnoella sp
Phytoplankton,Primnoisis antarctica
Zooplankton,Primnoisis antarctica
Amphipoda,Prionodraco evansii
Copepoda,Prionodraco evansii
Cumacea,Prionodraco evansii
Eukrohnia hamata,Prionodraco evansii
Euphausiacea,Prionodraco evansii
Isopoda,Prionodraco evansii
Mysidacea,Prionodraco evansii
Ostracoda,Prionodraco evansii
Polychaeta,Prionodraco evansii
Electrona antarctica,Procellaria aequinoctialis
Euphausia superba,Procellaria aequinoctialis
Fish,Procellaria aequinoctialis
Galiteuthis glacialis,Procellaria aequinoctialis
Gonatus antarcticus,Procellaria aequinoctialis
Kondakovia longimana,Procellaria aequinoctialis
Psychroteuthis glacialis,Procellaria aequinoctialis
Salpa thompsoni,Procellaria aequinoctialis
Vibilia antarctica,Procellaria aequinoctialis
Detritus,Promachocrinus kerguelensis
Phytoplankton,Promachocrinus kerguelensis
Sediment,Promachocrinus kerguelensis
Bacillariophyta,Propeleda longicaudata
Detritus,Propeleda longicaudata
Calanus propinquus,Protomyctophum bolini
Chaetognatha,Protomyctophum bolini
Copepoda,Protomyctophum bolini
Euchaeta antarctica,Protomyctophum bolini
Euphausiacea,Protomyctophum bolini
Gastropoda,Protomyctophum bolini
Metridia gerlachei,Protomyctophum bolini
Oncaea sp,Protomyctophum bolini
Ostracoda,Protomyctophum bolini
Rhincalanus gigas,Protomyctophum bolini
Thysanoessa macrura,Protomyctophum bolini
Detritus,Pseudorchomene coatsi
Ascidiacea,Psilaster charcoti
Detritus,Psilaster charcoti
Fish,Psilaster charcoti
Sediment,Psilaster charcoti
Detritus,Psolidium incertum
Detritus,Psolus antarcticus
Phytoplankton,Psolus antarcticus
Detritus,Psolus charcoti
Phytoplankton,Psolus charcoti
Detritus,Psolus dubiosus
Phytoplankton,Psolus dubiosus
Chaenodraco wilsoni,Psychroteuthis glacialis
Chionodraco hamatus,Psychroteuthis glacialis
Crustacea,Psychroteuthis glacialis
Euphausia superba,Psychroteuthis glacialis
Fish,Psychroteuthis glacialis
Myctophidae,Psychroteuthis glacialis
Pleuragramma antarcticum,Psychroteuthis glacialis
Psychroteuthis glacialis,Psychroteuthis glacialis
Adamussium colbecki,Pteraster affinis aculeatus
Cyllopus lucasii,Pterodroma brevirostris
Electrona antarctica,Pterodroma brevirostris
Euphausia superba,Pterodroma brevirostris
Eurythenes gryllus,Pterodroma brevirostris
Fish,Pterodroma brevirostris
Galiteuthis glacialis,Pterodroma brevirostris
Gymnoscopelus braueri,Pterodroma brevirostris
Notocrangon antarcticus,Pterodroma brevirostris
Notolepis coatsi,Pterodroma brevirostris
Protomyctophum bolini,Pterodroma brevirostris
Vibilia antarctica,Pterodroma brevirostris
Limacina helicina,Pteropoda
Bacillariophyta,Puncturella conica
Bryozoa,Puncturella conica
Foraminifera,Puncturella conica
Porifera,Puncturella conica
Sediment,Puncturella conica
Cyllopus lucasii,Pygoscelis adeliae
Electrona antarctica,Pygoscelis adeliae
Euphausia superba,Pygoscelis adeliae
Kondakovia longimana,Pygoscelis adeliae
Psychroteuthis glacialis,Pygoscelis adeliae
Thysanoessa macrura,Pygoscelis adeliae
Amphipoda,Racovitzia glacialis
Fish,Racovitzia glacialis
Isopoda,Racovitzia glacialis
Mysidacea,Racovitzia glacialis
Polychaeta,Racovitzia glacialis
Tanaidacea,Racovitzia glacialis
Bacillariophyta,Reteporella hippocrepis
Detritus,Reteporella hippocrepis
Nanoplankton,Reteporella hippocrepis
Amphipoda,Rhachotropis antarctica
Bacillariophyta,Rhachotropis antarctica
Cnidaria,Rhachotropis antarctica
Copepoda,Rhachotropis antarctica
Euphausiacea,Rhachotropis antarctica
Polychaeta,Rhachotropis antarctica
Bacillariophyta,Rhincalanus gigas
Coelenterata,Rhincalanus gigas
Oithona sp,Rhincalanus gigas
Oncaea sp,Rhincalanus gigas
SilicioZooplankton,Rhincalanus gigas
Tintinnidae,Rhincalanus gigas
Zooplankton,Rhincalanus gigas
Bacillariophyta,Rhynchonereella bongraini
Ostracoda,Rhynchonereella bongraini
Bacteria,Rossella antarctica
Detritus,Rossella antarctica
Phytoplankton,Rossella antarctica
Bacteria,Rossella nuda
Detritus,Rossella nuda
Phytoplankton,Rossella nuda
Bacteria,Rossella racovitzae
Detritus,Rossella racovitzae
Phytoplankton,Rossella racovitzae
Euchaeta antarctica,Sagitta gazellae
Metridia gerlachei,Sagitta gazellae
Copepoda,Sagitta marri
Metridia gerlachei,Sagitta marri
Oithona sp,Sagitta marri
Oncaea sp,Sagitta marri
Ostracoda,Sagitta marri
Pelagobia longicirrata,Sagitta marri
Bacillariophyta,Salpa gerlachei
Phytoplankton,Salpa gerlachei
Bacillariophyta,Salpa thompsoni
Calanus propinquus,Salpa thompsoni
Copepoda,Salpa thompsoni
Detritus,Salpa thompsoni
Euchaeta antarctica,Salpa thompsoni
Eukrohnia hamata,Salpa thompsoni
Foraminifera,Salpa thompsoni
Limacina helicina,Salpa thompsoni
Metridia gerlachei,Salpa thompsoni
Oithona sp,Salpa thompsoni
Oncaea sp,Salpa thompsoni
Pelagobia longicirrata,Salpa thompsoni
Phytoplankton,Salpa thompsoni
SilicioZooplankton,Salpa thompsoni
Tintinnidae,Salpa thompsoni
Zooplankton,Salpa thompsoni
Decapoda,Scaphopoda
Bacteria,Scolymastra joubini
Detritus,Scolymastra joubini
Phytoplankton,Scolymastra joubini
Detritus,Scotoplanes globosa
Zooplankton,Scyphozoa
Phytoplankton,SilicioZooplankton
Bacillariophyta,Silicularia rosea
Crustacea,Silicularia rosea
Detritus,Silicularia rosea
Nematoda,Silicularia rosea
Tintinnidae,Silicularia rosea
Zooplankton,Silicularia rosea
Zooplankton,Siphonophora
Detritus,Sipunculida
Bivalvia,Solaster sp
Detritus,Solaster sp
Polychaeta,Solaster sp
Sediment,Solaster sp
Eukrohnia hamata,Solmundella bitentaculata
Euphausiacea,Solmundella bitentaculata
Limacina helicina,Solmundella bitentaculata
Polychaeta,Solmundella bitentaculata
Pteropoda,Solmundella bitentaculata
Salpa thompsoni,Solmundella bitentaculata
Crustacea,Squid
Bacillariophyta,Sterechinus antarcticus
Bryozoa,Sterechinus antarcticus
Detritus,Sterechinus antarcticus
Foraminifera,Sterechinus antarcticus
Porifera,Sterechinus antarcticus
Bacillariophyta,Sterechinus neumayeri
Bryozoa,Sterechinus neumayeri
Detritus,Sterechinus neumayeri
Foraminifera,Sterechinus neumayeri
Polychaeta,Sterechinus neumayeri
Porifera,Sterechinus neumayeri
Waldeckia obesa,Sterechinus neumayeri
Amphipoda,Sterna paradisaea
Cyllopus lucasii,Sterna paradisaea
Electrona antarctica,Sterna paradisaea
Euphausia superba,Sterna paradisaea
Thysanoessa macrura,Sterna paradisaea
Vibilia antarctica,Sterna paradisaea
Electrona antarctica,Sterna vittata
Euphausia superba,Sterna vittata
Bacteria,Stylocordyla borealis
Detritus,Stylocordyla borealis
Phytoplankton,Stylocordyla borealis
Bacillariophyta,Synoicum adareanum
Bacteria,Synoicum adareanum
Detritus,Synoicum adareanum
Nanoplankton,Synoicum adareanum
Bacillariophyta,Systenopora contracta
Detritus,Systenopora contracta
Nanoplankton,Systenopora contracta
Detritus,Taeniogyrus contortus
Phytoplankton,Taeniogyrus contortus
Phytoplankton,Tanaidacea
Bacteria,Tetilla leptoderma
Detritus,Tetilla leptoderma
Phytoplankton,Tetilla leptoderma
Amphipoda,Thalassoica antarctica
Crustacea,Thalassoica antarctica
Cyllopus lucasii,Thalassoica antarctica
Detritus,Thalassoica antarctica
Electrona antarctica,Thalassoica antarctica
Euphausia superba,Thalassoica antarctica
Eurythenes gryllus,Thalassoica antarctica
Fish,Thalassoica antarctica
Galiteuthis glacialis,Thalassoica antarctica
Gonatus antarcticus,Thalassoica antarctica
Gymnoscopelus braueri,Thalassoica antarctica
Gymnoscopelus nicholsi,Thalassoica antarctica
Gymnoscopelus opisthopterus,Thalassoica antarctica
Notocrangon antarcticus,Thalassoica antarctica
Notolepis coatsi,Thalassoica antarctica
Protomyctophum bolini,Thalassoica antarctica
Psychroteuthis glacialis,Thalassoica antarctica
Vibilia antarctica,Thalassoica antarctica
Vibilia stebbingi,Thalassoica antarctica
Bacillariophyta,Thysanoessa macrura
Copepoda,Thysanoessa macrura
Foraminifera,Thysanoessa macrura
Phytoplankton,Thysanoessa macrura
Pteropoda,Thysanoessa macrura
Siphonophora,Thysanoessa macrura
Tintinnidae,Thysanoessa macrura
Zooplankton,Thysanoessa macrura
Phytoplankton,Tintinnidae
Detritus,Trachythyone parva
Amphipoda,Trematomus bernacchii
Bryozoa,Trematomus bernacchii
Copepoda,Trematomus bernacchii
Crustacea,Trematomus bernacchii
Cyllopus lucasii,Trematomus bernacchii
Echiurida,Trematomus bernacchii
Epimeria robusta,Trematomus bernacchii
Fish,Trematomus bernacchii
Gastropoda,Trematomus bernacchii
Hydrozoa,Trematomus bernacchii
Isopoda,Trematomus bernacchii
Metridia gerlachei,Trematomus bernacchii
Ostracoda,Trematomus bernacchii
Polychaeta,Trematomus bernacchii
Sipunculida,Trematomus bernacchii
Tanaidacea,Trematomus bernacchii
Yoldia eightsi,Trematomus bernacchii
Zooplankton,Trematomus bernacchii
Amphipoda,Trematomus eulepidotus
Copepoda,Trematomus eulepidotus
Crustacea,Trematomus eulepidotus
Cyllopus lucasii,Trematomus eulepidotus
Epimeria robusta,Trematomus eulepidotus
Euchaeta antarctica,Trematomus eulepidotus
Euphausia crystallorophias,Trematomus eulepidotus
Euphausia superba,Trematomus eulepidotus
Fish,Trematomus eulepidotus
Gastropoda,Trematomus eulepidotus
Isopoda,Trematomus eulepidotus
Metridia gerlachei,Trematomus eulepidotus
Mysidacea,Trematomus eulepidotus
Oncaea curvata,Trematomus eulepidotus
Ostracoda,Trematomus eulepidotus
Polychaeta,Trematomus eulepidotus
Zooplankton,Trematomus eulepidotus
Amphipoda,Trematomus hansoni
Ceratoserolis meridionalis,Trematomus hansoni
Copepoda,Trematomus hansoni
Cyllopus lucasii,Trematomus hansoni
Decapoda,Trematomus hansoni
Euphausia crystallorophias,Trematomus hansoni
Euphausia superba,Trematomus hansoni
Fish,Trematomus hansoni
Gastropoda,Trematomus hansoni
Isopoda,Trematomus hansoni
Metridia gerlachei,Trematomus hansoni
Neobuccinum eatoni,Trematomus hansoni
Pantopoda,Trematomus hansoni
Pentanymphon antarcticum,Trematomus hansoni
Polychaeta,Trematomus hansoni
Trematomus eulepidotus,Trematomus hansoni
Trematomus pennellii,Trematomus hansoni
Zooplankton,Trematomus hansoni
Amphipoda,Trematomus lepidorhinus 
Copepoda,Trematomus lepidorhinus 
Crustacea,Trematomus lepidorhinus 
Decapoda,Trematomus lepidorhinus 
Epimeria robusta,Trematomus lepidorhinus 
Eunoe spica,Trematomus lepidorhinus 
Euphausia crystallorophias,Trematomus lepidorhinus 
Euphausia superba,Trematomus lepidorhinus 
Gastropoda,Trematomus lepidorhinus 
Isopoda,Trematomus lepidorhinus 
Laternula elliptica,Trematomus lepidorhinus 
Metridia gerlachei,Trematomus lepidorhinus 
Mysida,Trematomus lepidorhinus 
Mysidacea,Trematomus lepidorhinus 
Ostracoda,Trematomus lepidorhinus 
Polychaeta,Trematomus lepidorhinus 
Amphipoda,Trematomus loennbergii
Bryozoa,Trematomus loennbergii
Copepoda,Trematomus loennbergii
Crustacea,Trematomus loennbergii
Cumacea,Trematomus loennbergii
Cyllopus lucasii,Trematomus loennbergii
Eukrohnia hamata,Trematomus loennbergii
Euphausia crystallorophias,Trematomus loennbergii
Euphausia superba,Trematomus loennbergii
Fish,Trematomus loennbergii
Gastropoda,Trematomus loennbergii
Isopoda,Trematomus loennbergii
Mysidacea,Trematomus loennbergii
Polychaeta,Trematomus loennbergii
Pteropoda,Trematomus loennbergii
Salpa thompsoni,Trematomus loennbergii
Amphipoda,Trematomus nicolai
Calanoides acutus,Trematomus nicolai
Copepoda,Trematomus nicolai
Crustacea,Trematomus nicolai
Epimeria robusta,Trematomus nicolai
Euphausia crystallorophias,Trematomus nicolai
Euphausia superba,Trematomus nicolai
Gastropoda,Trematomus nicolai
Isopoda,Trematomus nicolai
Metridia gerlachei,Trematomus nicolai
Mysida,Trematomus nicolai
Mysidacea,Trematomus nicolai
Tanaidacea,Trematomus nicolai
Aega antarctica,Trematomus pennellii
Amphipoda,Trematomus pennellii
Anthozoa,Trematomus pennellii
Bivalvia,Trematomus pennellii
Ceratoserolis meridionalis,Trematomus pennellii
Copepoda,Trematomus pennellii
Crustacea,Trematomus pennellii
Cyllopus lucasii,Trematomus pennellii
Decapoda,Trematomus pennellii
Epimeria robusta,Trematomus pennellii
Euphausia crystallorophias,Trematomus pennellii
Euphausia superba,Trematomus pennellii
Fish,Trematomus pennellii
Gastropoda,Trematomus pennellii
Glyptonotus antarcticus,Trematomus pennellii
Gnathia calva,Trematomus pennellii
Hydrozoa,Trematomus pennellii
Isopoda,Trematomus pennellii
Natatolana obtusata,Trematomus pennellii
Ostracoda,Trematomus pennellii
Pentanymphon antarcticum,Trematomus pennellii
Polychaeta,Trematomus pennellii
Tanaidacea,Trematomus pennellii
Urticinopsis antarctica,Trematomus pennellii
Amphipoda,Trematomus scotti
Calanoides acutus,Trematomus scotti
Calanus propinquus,Trematomus scotti
Copepoda,Trematomus scotti
Crinoidea,Trematomus scotti
Cumacea,Trematomus scotti
Cyllopus lucasii,Trematomus scotti
Epimeria robusta,Trematomus scotti
Euchaeta antarctica,Trematomus scotti
Eunoe hartmanae,Trematomus scotti
Eunoe spica,Trematomus scotti
Euphausia crystallorophias,Trematomus scotti
Euphausia superba,Trematomus scotti
Gastropoda,Trematomus scotti
Gnathia calva,Trematomus scotti
Hydrozoa,Trematomus scotti
Isopoda,Trematomus scotti
Metridia gerlachei,Trematomus scotti
Mysidacea,Trematomus scotti
Natatolana obtusata,Trematomus scotti
Ostracoda,Trematomus scotti
Pantopoda,Trematomus scotti
Polychaeta,Trematomus scotti
Tanaidacea,Trematomus scotti
Zooplankton,Trematomus scotti
Cephalodiscus sp,Tritonia antarctica
Sediment,Tritonia antarctica
Ascidiacea,Tritoniella belli
Bryozoa,Tritoniella belli
Cephalodiscus sp,Tritoniella belli
Detritus,Tritoniella belli
Porifera,Tritoniella belli
Bivalvia,Trophon longstaffi
Yoldia eightsi,Trophon longstaffi
Amphipoda,Tryphosella murrayi
Crustacea,Tryphosella murrayi
Dolloidraco longedorsalis,Tryphosella murrayi
Fish,Tryphosella murrayi
Mysidacea,Tryphosella murrayi
Decapoda,Tubularia
Copepoda,Tubularia ralphii
Detritus,Tubularia ralphii
Zooplankton,Tubularia ralphii
Champsocephalus gunnari ,Tursiops truncatus
Dissostichus mawsoni,Tursiops truncatus
Euphausiacea,Tursiops truncatus
Fish,Tursiops truncatus
Myctophidae,Tursiops truncatus
Squid,Tursiops truncatus
Amphipoda,Uristes gigas
Bacillariophyta,Uristes gigas
Crustacea,Uristes gigas
Euphausiacea,Uristes gigas
Porifera,Uristes gigas
Asteroidea,Urticinopsis antarctica
Diplasterias brucei,Urticinopsis antarctica
Echinoidea,Urticinopsis antarctica
Odontaster validus,Urticinopsis antarctica
Perknaster fuscus,Urticinopsis antarctica
Sterechinus neumayeri,Urticinopsis antarctica
Crustacea,Vampyroteuthis
Bacillariophyta,Vaunthompsonia inermis
Bacteria,Vaunthompsonia inermis
Detritus,Vaunthompsonia inermis
Sediment,Vaunthompsonia inermis
Zooplankton,Vibilia antarctica
Zooplankton,Vibilia stebbingi
Amphipoda,Waldeckia obesa
Cnidaria,Waldeckia obesa
Crustacea,Waldeckia obesa
Detritus,Waldeckia obesa
Eurythenes gryllus,Waldeckia obesa
Holothuria sp,Waldeckia obesa
Hydrozoa,Waldeckia obesa
Isopoda,Waldeckia obesa
Necromass,Waldeckia obesa
Ophiuroidea,Waldeckia obesa
Polychaeta,Waldeckia obesa
Porifera,Waldeckia obesa
Bacillariophyta,Yoldia eightsi
Detritus,Yoldia eightsi
Detritus,Ypsilocucumis turricata
Phytoplankton,Zooplankton
